headline,category
Mayor faces recall vote after corruption scandal,Politics
Wearable device monitors health metrics in real time,Technology
Sports governing body bans country from international competition,Sports
Officials warn of foreign interference in upcoming election,Politics
Whistleblower reveals classified intelligence documents,Politics
Mars rover finds evidence of ancient water on the planet,Science
Opposition party demands transparency in government spending,Politics
Bankruptcy filings increase as debt servicing costs climb,Economy
Trade agreement signed between major economic powers,Politics
Minister resigns following ethics committee investigation,Politics
Cyclist stripped of title after failed drug test,Sports
Social media platform introduces new content moderation tools,Technology
New fossil discovery reshapes understanding of human evolution,Science
Cybersecurity breach affects millions of user accounts,Technology
AI tool generates code faster than human developers,Technology
Scientists observe protein misfold linked to Alzheimer's onset,Science
Rugby world cup final ends in rare draw after extra time,Sports
Protests erupt over proposed changes to pension system,Politics
Stem cell therapy restores partial vision in blind patients,Science
New tax reform simplifies brackets for middle-income earners,Economy
Company uses machine learning to reduce supply chain waste,Technology
Government announces stimulus package to boost growth,Economy
Deepfake detection tool launched to combat misinformation,Technology
Housing market cools as mortgage rates hit decade high,Economy
Currency devaluation sparks economic uncertainty in emerging market,Economy
Agricultural exports hit record high on strong global demand,Economy
Swimmer qualifies for Olympics after injury comeback,Sports
Minimum wage increase takes effect in several major economies,Economy
New exoplanet found in habitable zone of nearby star,Science
Scientists discover new species of deep-sea creature,Science
New smartphone features satellite connectivity for emergencies,Technology
Neural network achieves superhuman performance on reasoning task,Technology
Senate debates new healthcare reform bill,Politics
Startup raises funds to build autonomous delivery robots,Technology
Study finds link between gut microbiome and mental health,Science
Central bank holds rates steady amid mixed economic signals,Economy
Methane levels in atmosphere reach highest recorded concentration,Science
Smart home devices vulnerable to new cybersecurity exploit,Technology
Microsoft integrates AI assistant into Office suite,Technology
New study links sleep deprivation to memory loss,Science
Luxury goods sector booms as wealth inequality widens,Economy
Government accused of gerrymandering before regional elections,Politics
International court issues arrest warrant for sitting leader,Politics
Open source model outperforms proprietary alternatives,Technology
Quantum computing milestone achieved by IBM researchers,Technology
Lawmakers introduce bill to regulate social media platforms,Politics
Inflation eases for second consecutive month according to data,Economy
Bond yields rise as investors anticipate tighter monetary policy,Economy
Coalition government collapses amid internal disputes,Politics
Women league attendance surpasses men for first time,Sports
Basketball team secures playoff spot with last-minute victory,Sports
Young sprinter sets national under-20 record at regional meet,Sports
Diplomatic tensions rise between two neighboring countries,Politics
OpenAI releases new language model with improved reasoning,Technology
Stock markets tumble on fears of global recession,Economy
Prime minister announces early general election,Politics
Electric vehicle charging network doubles in size this year,Technology
Research confirms plastic pollution in deep ocean trenches,Science
Ocean temperatures hit record high for the third consecutive year,Science
Parliament votes on controversial new legislation,Politics
New budget proposal cuts social spending by fifteen percent,Economy
Data center energy consumption raises environmental concerns,Technology
Browser extension uses AI to summarize web pages instantly,Technology
Robot performs complex surgery with minimal human assistance,Technology
Olympic committee announces host city for upcoming games,Sports
Telescope captures clearest image of a distant galaxy cluster,Science
Tennis player advances to grand slam final after five-set match,Sports
League expansion brings professional team to new city,Sports
Scientists synthesize new material stronger than diamond,Science
Doping scandal rocks professional cycling circuit,Sports
National team manager extends contract ahead of tournament,Sports
Astronomers detect gravitational waves from neutron star merger,Science
Small businesses report difficulty accessing credit from banks,Economy
New rules introduced to improve safety in contact sports,Sports
Election results overturned after recount in key district,Politics
Citizens vote in referendum on constitutional amendment,Politics
New free trade zone attracts foreign investors to region,Economy
Astronomers detect repeating radio signal from unknown source,Science
Meta launches virtual reality headset for consumers,Technology
Transfer deal sends top footballer to rival club,Sports
Football federation investigates match-fixing allegations,Sports
Human genome project expansion reveals millions of new variants,Science
Climate study reveals accelerating Arctic ice melt,Science
Ruling party loses majority in midterm elections,Politics
Regional autonomy movement gains momentum in disputed territory,Politics
Researchers develop vaccine effective against multiple flu strains,Science
Winter sports season opens with record snowfall at resort,Sports
Amazon expands cloud computing services globally,Technology
Physicists observe rare quantum phenomenon in laboratory,Science
Government introduces emergency measures amid economic downturn,Politics
Record crowd attends opening match of new stadium,Sports
Central bank raises interest rates to combat inflation,Economy
Ceasefire agreement brokered after months of negotiations,Politics
Foreign direct investment reaches record high in manufacturing sector,Economy
Gig economy workers push for better protections and benefits,Economy
Security services foil planned attack on government buildings,Politics
New programming language gains popularity among developers,Technology
Scientists create artificial neurons that mimic the brain,Technology
New sponsorship deal transforms funding for grassroots sport,Sports
Oil prices surge following production cuts by major exporters,Economy
Researchers develop new battery technology for electric vehicles,Technology
Tech giant faces antitrust investigation in Europe,Technology
Scientists map complete neural connectome of a mouse brain,Science
Supreme court rules on landmark civil rights case,Politics
Energy prices fall as renewable capacity expands globally,Economy
Tesla self-driving software update causes controversy,Technology
Boxer suffers shocking upset defeat in title defense,Sports
Marathon runner collapses but finishes race to standing ovation,Sports
Google announces major changes to its search algorithm,Technology
International summit addresses global security concerns,Politics
Study links air pollution exposure to increased dementia risk,Science
Retail sector struggles as consumer confidence declines,Economy
Coral reef recovery observed after marine protection efforts,Science
Golf major champion announces retirement from professional tour,Sports
Breakthrough in nuclear fusion brings clean energy closer,Science
Global supply chains show resilience after pandemic disruption,Economy
President signs executive order on immigration policy,Politics
Pension fund shortfalls grow as population ages rapidly,Economy
United Nations Security Council holds emergency session,Politics
New telescope array maps dark matter distribution across sky,Science
Star athlete breaks world record at international competition,Sports
New antibiotic discovered that targets drug-resistant bacteria,Science
Researchers use sound waves to levitate and move objects,Science
Local team wins national championship after dramatic final,Sports
Research reveals how migratory birds navigate using magnetic fields,Science
New education minister pledges to overhaul national curriculum,Politics
Referee controversy dominates post-match analysis,Sports
Startup ecosystem thrives as venture capital investment rises,Economy
Streaming platform loses subscribers amid rising competition,Technology
Ancient DNA analysis reveals unknown human migration patterns,Science
Commodity prices fall as demand from manufacturing sector drops,Economy
Trade deficit widens amid supply chain disruptions,Economy
Gene editing technique shows promise for treating rare diseases,Science
Consumer spending rises despite high cost of living pressures,Economy
Apple unveils updated MacBook Pro with faster chip,Technology
New painkiller compound derived from spider venom shows promise,Science
Major corporation announces thousands of layoffs amid restructuring,Economy
Retired legend inducted into sport hall of fame,Sports
Underdog team defeats defending champions in surprise upset,Sports
Paralympic athlete receives standing ovation after world record,Sports
Border dispute escalates as troops mobilize on both sides,Politics
New sanctions imposed on authoritarian regime,Politics
Unemployment rate falls to historic low amid job market boom,Economy
Fintech startup disrupts traditional banking with new lending model,Economy
Chip shortage eases as semiconductor production ramps up,Technology
Foreign minister meets counterparts to discuss ceasefire,Politics
Club announces record revenue despite declining ticket sales,Sports
5G network expansion accelerates across major cities,Technology
Coach resigns following team worst season in a decade,Sports
Esports tournament draws millions of online viewers worldwide,Sports
